{
  "Accuracy": 0.9866071428571429,
  "Precision": 0.9948717948717949,
  "Recall": 0.9897959183673469,
  "F1": 0.9923273657289002
}